indices;p_index
0;208
1;209
2;210
3;211
4;212
5;213
6;1
7;2
8;3
9;196
10;202
11;203
12;197
13;4
14;5
15;6
16;7
17;8
18;9
19;198
20;204
21;205
22;199
23;10
24;11
25;12
26;200
27;206
28;207
29;201
31;14
32;15
33;16
34;17
35;18
36;19
37;20
38;21
39;22
40;23
41;24
42;25
43;26
44;27
45;30
46;31
47;32
48;33
49;34
50;35
51;36
52;37
53;38
54;39
55;40
56;41
57;42
58;43
59;44
60;45
61;46
62;47
63;48
64;49
65;50
66;51
67;53
68;54
69;55
70;56
71;57
72;58
73;59
74;60
75;61
76;62
77;63
78;235
79;64
80;236
81;65
82;66
83;218
84;219
85;67
86;68
87;69
88;70
89;71
90;72
91;73
92;74
93;75
94;76
95;77
